Var1,region,min,mean,max,model_region,issm,in_range,tot_smb,p_calc_corr
0,West,-107.121378991998,-96.7867203669702,-84.8562447626626,WAIS,-97.1210945992977,1,22675.2433538025,0.000396919213304566
1,East,-5.29731638551204,11.7015788676877,31.4743113030462,EAIS,11.2295717892372,1,37560.6326827905,0.000338249286220953
2,Peninsula,-19.7168040419474,-13.8393751472081,-7.53248601505814,Peninsula,-12.2026853623266,1,9468.49146714267,-0.00465271934069647
