Var1,region,min,mean,max,model_region,issm,in_range,tot_smb,p_calc_corr
0,West,-107.121378991998,-96.7867203669702,-84.8562447626626,WAIS,-128.564752036826,0,21473.3214902664,0.0398335528189247
1,East,-5.29731638551204,11.7015788676877,31.4743113030462,EAIS,-15.2564274374339,0,36254.2298304706,0.0200147589151928
2,Peninsula,-19.7168040419474,-13.8393751472081,-7.53248601505814,Peninsula,-3.89776198715819,0,9755.86611416075,-0.0274291471845429
